Dependency=State	Dependency=Water Heater Fuel	Option=Electric Heat Pump, 50 gal, 3.45 UEF	Option=Electric Heat Pump, 66 gal, 3.35 UEF	Option=Electric Heat Pump, 80 gal, 3.45 UEF	Option=Electric Premium	Option=Electric Standard	Option=Electric Tankless	Option=FIXME Fuel Oil Indirect	Option=Fuel Oil Premium	Option=Fuel Oil Standard	Option=Natural Gas Premium	Option=Natural Gas Standard	Option=Natural Gas Tankless	Option=Other Fuel	Option=Propane Premium	Option=Propane Standard	Option=Propane Tankless	Option=Solar Thermal, 40 sqft, East, Roof Pitch, Electric Standard Backup	Option=Solar Thermal, 40 sqft, North, Roof Pitch, Electric Standard Backup	Option=Solar Thermal, 40 sqft, South, Roof Pitch, Electric Standard Backup	Option=Solar Thermal, 40 sqft, South, Roof Pitch, Fuel Oil Standard Backup	Option=Solar Thermal, 40 sqft, South, Roof Pitch, Natural Gas Standard Backup	Option=Solar Thermal, 40 sqft, South, Roof Pitch, Propane Standard Backup	Option=Solar Thermal, 40 sqft, West, Roof Pitch, Electric Standard Backup	Option=Wood	source_count	source_weight	sampling_probability
AK	Electricity	0.005	0	0	0.266432	0.656716	0.0718516	0	0	0	0	0	0	0	0	0	0	0	0	0	0	0	0	0	0	80	73103.9	0.000417687
AK	Fuel Oil	0	0	0	0	0	0	0.244164	0.185513	0.570323	0	0	0	0	0	0	0	0	0	0	0	0	0	0	0	43	36522.7	0.000568126
AK	Natural Gas	0	0	0	0	0	0	0	0	0	0.150379	0.694737	0.154885	0	0	0	0	0	0	0	0	0	0	0	0	173	134790	0.00122639
AK	Other Fuel	0	0	0	0	0	0	0	0	0	0	0	0	1	0	0	0	0	0	0	0	0	0	0	0	13	3314.48	5.17315e-06
AK	Propane	0	0	0	0	0	0	0	0	0	0	0	0	0	0.265037	0.486353	0.248609	0	0	0	0	0	0	0	0	10	8613.51	8.89245e-05
AK	Solar Thermal	0	0	0	0	0	0	0	0	0	0	0	0	0	0	0	0	0.225093	0.0244123	0.567602	0	0.0142406	0.0352778	0.133375	0	56	848.57	0
AK	Wood	0	0	0	0	0	0	0	0	0	0	0	0	0	0	0	0	0	0	0	0	0	0	0	1	20	0	0
AL	Electricity	0.005	0	0	0.211316	0.762202	0.0214822	0	0	0	0	0	0	0	0	0	0	0	0	0	0	0	0	0	0	172	1.36669e+06	0.0122452
AL	Fuel Oil	0	0	0	0	0	0	0.0539114	0.0644831	0.881606	0	0	0	0	0	0	0	0	0	0	0	0	0	0	0	18	0	3.00676e-06
AL	Natural Gas	0	0	0	0	0	0	0	0	0	0.095757	0.841587	0.0626562	0	0	0	0	0	0	0	0	0	0	0	0	64	488396	0.00392041
AL	Other Fuel	0	0	0	0	0	0	0	0	0	0	0	0	1	0	0	0	0	0	0	0	0	0	0	0	13	0	0
AL	Propane	0	0	0	0	0	0	0	0	0	0	0	0	0	0.169292	0.506976	0.323732	0	0	0	0	0	0	0	0	35	45317.9	0.000311428
AL	Solar Thermal	0	0	0	0	0	0	0	0	0	0	0	0	0	0	0	0	0.227327	0.0246546	0.573234	0.00403585	0.00710105	0.0289493	0.134698	0	75	0	3.40227e-07
AL	Wood	0	0	0	0	0	0	0	0	0	0	0	0	0	0	0	0	0	0	0	0	0	0	0	1	20	0	4.06332e-07
AR	Electricity	0.005	0	0	0.182057	0.766401	0.0465423	0	0	0	0	0	0	0	0	0	0	0	0	0	0	0	0	0	0	158	679485	0.00619803
AR	Fuel Oil	0	0	0	0	0	0	0.0539114	0.0644831	0.881606	0	0	0	0	0	0	0	0	0	0	0	0	0	0	0	18	0	2.4153e-06
AR	Natural Gas	0	0	0	0	0	0	0	0	0	0.164319	0.788932	0.0467487	0	0	0	0	0	0	0	0	0	0	0	0	100	421721	0.00330597
AR	Other Fuel	0	0	0	0	0	0	0	0	0	0	0	0	1	0	0	0	0	0	0	0	0	0	0	0	13	0	0
AR	Propane	0	0	0	0	0	0	0	0	0	0	0	0	0	0.198763	0.801237	0	0	0	0	0	0	0	0	0	10	42426.5	0.000499837
AR	Solar Thermal	0	0	0	0	0	0	0	0	0	0	0	0	0	0	0	0	0.227327	0.0246546	0.573234	0.00403585	0.00710105	0.0289493	0.134698	0	75	0	0
AR	Wood	0	0	0	0	0	0	0	0	0	0	0	0	0	0	0	0	0	0	0	0	0	0	0	1	20	0	5.97791e-09
AZ	Electricity	0.005	0	0	0.140247	0.806053	0.0486994	0	0	0	0	0	0	0	0	0	0	0	0	0	0	0	0	0	0	265	1.48111e+06	0.0126606
AZ	Fuel Oil	0	0	0	0	0	0	0.254068	0.235338	0.510595	0	0	0	0	0	0	0	0	0	0	0	0	0	0	0	47	10806.4	6.57308e-06
AZ	Natural Gas	0	0	0	0	0	0	0	0	0	0.0960045	0.817075	0.0869202	0	0	0	0	0	0	0	0	0	0	0	0	211	1.08057e+06	0.0079865
AZ	Other Fuel	0	0	0	0	0	0	0	0	0	0	0	0	1	0	0	0	0	0	0	0	0	0	0	0	13	5947.34	3.14077e-05
AZ	Propane	0	0	0	0	0	0	0	0	0	0	0	0	0	0.140833	0.636094	0.223073	0	0	0	0	0	0	0	0	14	81967.1	0.000911997
AZ	Solar Thermal	0	0	0	0	0	0	0	0	0	0	0	0	0	0	0	0	0.22673	0.0245899	0.571729	0	0.012253	0.0303538	0.134345	0	61	15205	0.00013684
AZ	Wood	0	0	0	0	0	0	0	0	0	0	0	0	0	0	0	0	0	0	0	0	0	0	0	1	20	0	1.02595e-08
CA	Electricity	0.005	0	0	0.271709	0.599073	0.124218	0	0	0	0	0	0	0	0	0	0	0	0	0	0	0	0	0	0	202	2.47668e+06	0.0221255
CA	Fuel Oil	0	0	0	0	0	0	0.191887	0.3599	0.448213	0	0	0	0	0	0	0	0	0	0	0	0	0	0	0	44	9950.11	9.59863e-05
CA	Natural Gas	0	0	0	0	0	0	0	0	0	0.309447	0.596036	0.0945174	0	0	0	0	0	0	0	0	0	0	0	0	910	1.02707e+07	0.0773391
CA	Other Fuel	0	0	0	0	0	0	0	0	0	0	0	0	1	0	0	0	0	0	0	0	0	0	0	0	13	0	4.66087e-06
CA	Propane	0	0	0	0	0	0	0	0	0	0	0	0	0	0.305461	0.532251	0.162288	0	0	0	0	0	0	0	0	37	395308	0.00408534
CA	Solar Thermal	0	0	0	0	0	0	0	0	0	0	0	0	0	0	0	0	0.225093	0.0244123	0.567602	0	0.0142406	0.0352778	0.133375	0	56	28230.8	0.000125341
CA	Wood	0	0	0	0	0	0	0	0	0	0	0	0	0	0	0	0	0	0	0	0	0	0	0	1	20	0	1.02322e-07
CO	Electricity	0.005	0	0	0.193657	0.770598	0.0307451	0	0	0	0	0	0	0	0	0	0	0	0	0	0	0	0	0	0	74	497259	0.00470925
CO	Fuel Oil	0	0	0	0	0	0	0.254068	0.235338	0.510595	0	0	0	0	0	0	0	0	0	0	0	0	0	0	0	47	9139.16	2.73515e-05
CO	Natural Gas	0	0	0	0	0	0	0	0	0	0.133578	0.794146	0.0722768	0	0	0	0	0	0	0	0	0	0	0	0	271	1.6572e+06	0.0115565
CO	Other Fuel	0	0	0	0	0	0	0	0	0	0	0	0	1	0	0	0	0	0	0	0	0	0	0	0	13	20322.2	1.08971e-06
CO	Propane	0	0	0	0	0	0	0	0	0	0	0	0	0	0.226045	0.773955	0	0	0	0	0	0	0	0	0	12	75941.9	0.000747569
CO	Solar Thermal	0	0	0	0	0	0	0	0	0	0	0	0	0	0	0	0	0.22673	0.0245899	0.571729	0	0.012253	0.0303538	0.134345	0	61	0	2.39508e-06
CO	Wood	0	0	0	0	0	0	0	0	0	0	0	0	0	0	0	0	0	0	0	0	0	0	0	1	20	0	3.40204e-08
CT	Electricity	0.005	0	0	0.175054	0.762598	0.0573479	0	0	0	0	0	0	0	0	0	0	0	0	0	0	0	0	0	0	110	508932	0.00396785
CT	Fuel Oil	0	0	0	0	0	0	0.306505	0.200587	0.492907	0	0	0	0	0	0	0	0	0	0	0	0	0	0	0	71	296696	0.00245576
CT	Natural Gas	0	0	0	0	0	0	0	0	0	0.183348	0.747686	0.0689667	0	0	0	0	0	0	0	0	0	0	0	0	98	520681	0.00416055
CT	Other Fuel	0	0	0	0	0	0	0	0	0	0	0	0	1	0	0	0	0	0	0	0	0	0	0	0	13	0	0
CT	Propane	0	0	0	0	0	0	0	0	0	0	0	0	0	0.123572	0.553067	0.323361	0	0	0	0	0	0	0	0	13	48122.6	0.000501227
CT	Solar Thermal	0	0	0	0	0	0	0	0	0	0	0	0	0	0	0	0	0.227327	0.0246546	0.573234	0.00403585	0.00710105	0.0289493	0.134698	0	75	3979.19	3.11682e-05
CT	Wood	0	0	0	0	0	0	0	0	0	0	0	0	0	0	0	0	0	0	0	0	0	0	0	1	11	3486.4	2.65762e-05
DC	Electricity	0.005	0	0	0.278433	0.662146	0.0544209	0	0	0	0	0	0	0	0	0	0	0	0	0	0	0	0	0	0	114	165900	0.00125906
DC	Fuel Oil	0	0	0	0	0	0	0.0697573	0.0834363	0.846806	0	0	0	0	0	0	0	0	0	0	0	0	0	0	0	16	2960.03	2.34001e-05
DC	Natural Gas	0	0	0	0	0	0	0	0	0	0.241746	0.720648	0.0376057	0	0	0	0	0	0	0	0	0	0	0	0	104	146793	0.00098615
DC	Other Fuel	0	0	0	0	0	0	0	0	0	0	0	0	1	0	0	0	0	0	0	0	0	0	0	0	13	0	0
DC	Propane	0	0	0	0	0	0	0	0	0	0	0	0	0	0.0953087	0.473714	0.430977	0	0	0	0	0	0	0	0	87	800.02	1.89355e-05
DC	Solar Thermal	0	0	0	0	0	0	0	0	0	0	0	0	0	0	0	0	0.227327	0.0246546	0.573234	0.00403585	0.00710105	0.0289493	0.134698	0	75	0	2.64751e-08
DC	Wood	0	0	0	0	0	0	0	0	0	0	0	0	0	0	0	0	0	0	0	0	0	0	0	1	20	0	3.70818e-07
DE	Electricity	0.005	0	0	0.131691	0.778397	0.0849126	0	0	0	0	0	0	0	0	0	0	0	0	0	0	0	0	0	0	82	216354	0.0017196
DE	Fuel Oil	0	0	0	0	0	0	0.0697573	0.0834363	0.846806	0	0	0	0	0	0	0	0	0	0	0	0	0	0	0	16	14982	0.000106431
DE	Natural Gas	0	0	0	0	0	0	0	0	0	0.249525	0.658766	0.0917081	0	0	0	0	0	0	0	0	0	0	0	0	42	110517	0.000920034
DE	Other Fuel	0	0	0	0	0	0	0	0	0	0	0	0	1	0	0	0	0	0	0	0	0	0	0	0	13	0	0
DE	Propane	0	0	0	0	0	0	0	0	0	0	0	0	0	0.0886908	0.417773	0.493536	0	0	0	0	0	0	0	0	14	38600.8	0.000370312
DE	Solar Thermal	0	0	0	0	0	0	0	0	0	0	0	0	0	0	0	0	0.227327	0.0246546	0.573234	0.00403585	0.00710105	0.0289493	0.134698	0	75	0	6.54639e-08
DE	Wood	0	0	0	0	0	0	0	0	0	0	0	0	0	0	0	0	0	0	0	0	0	0	0	1	20	0	1.13233e-06
FL	Electricity	0.005	0	0	0.192838	0.763744	0.0384181	0	0	0	0	0	0	0	0	0	0	0	0	0	0	0	0	0	0	570	7.08592e+06	0.0611301
FL	Fuel Oil	0	0	0	0	0	0	0.0697573	0.0834363	0.846806	0	0	0	0	0	0	0	0	0	0	0	0	0	0	0	16	0	2.4325e-05
FL	Natural Gas	0	0	0	0	0	0	0	0	0	0.127604	0.705219	0.167177	0	0	0	0	0	0	0	0	0	0	0	0	71	826945	0.00582445
FL	Other Fuel	0	0	0	0	0	0	0	0	0	0	0	0	1	0	0	0	0	0	0	0	0	0	0	0	13	7279.13	8.68468e-05
FL	Propane	0	0	0	0	0	0	0	0	0	0	0	0	0	0.0759386	0.361782	0.562279	0	0	0	0	0	0	0	0	11	119746	0.00108886
FL	Solar Thermal	0	0	0	0	0	0	0	0	0	0	0	0	0	0	0	0	0.227327	0.0246546	0.573234	0.00403585	0.00710105	0.0289493	0.134698	0	75	22273.7	0.000118774
FL	Wood	0	0	0	0	0	0	0	0	0	0	0	0	0	0	0	0	0	0	0	0	0	0	0	1	20	0	3.22632e-06
GA	Electricity	0.005	0	0	0.236536	0.721275	0.0371891	0	0	0	0	0	0	0	0	0	0	0	0	0	0	0	0	0	0	241	2.30747e+06	0.0200452
GA	Fuel Oil	0	0	0	0	0	0	0.0697573	0.0834363	0.846806	0	0	0	0	0	0	0	0	0	0	0	0	0	0	0	16	0	1.14047e-05
GA	Natural Gas	0	0	0	0	0	0	0	0	0	0.197641	0.751838	0.0505201	0	0	0	0	0	0	0	0	0	0	0	0	162	1.45555e+06	0.00985444
GA	Other Fuel	0	0	0	0	0	0	0	0	0	0	0	0	1	0	0	0	0	0	0	0	0	0	0	0	13	0	0
GA	Propane	0	0	0	0	0	0	0	0	0	0	0	0	0	0.065383	0.622224	0.312393	0	0	0	0	0	0	0	0	13	110789	0.00108557
GA	Solar Thermal	0	0	0	0	0	0	0	0	0	0	0	0	0	0	0	0	0.227327	0.0246546	0.573234	0.00403585	0.00710105	0.0289493	0.134698	0	75	0	7.57322e-07
GA	Wood	0	0	0	0	0	0	0	0	0	0	0	0	0	0	0	0	0	0	0	0	0	0	0	1	20	7596.31	8.68126e-06
HI	Electricity	0.005	0	0	0.0931813	0.870634	0.0311845	0	0	0	0	0	0	0	0	0	0	0	0	0	0	0	0	0	0	186	314440	0.00269002
HI	Fuel Oil	0	0	0	0	0	0	0.191887	0.3599	0.448213	0	0	0	0	0	0	0	0	0	0	0	0	0	0	0	44	0	9.56469e-07
HI	Natural Gas	0	0	0	0	0	0	0	0	0	0.269987	0.663689	0.0663239	0	0	0	0	0	0	0	0	0	0	0	0	28	50283.6	0.00047301
HI	Other Fuel	0	0	0	0	0	0	0	0	0	0	0	0	1	0	0	0	0	0	0	0	0	0	0	0	13	0	6.37418e-08
HI	Propane	0	0	0	0	0	0	0	0	0	0	0	0	0	0.0747622	0.649649	0.275589	0	0	0	0	0	0	0	0	15	24799.7	0.000250677
HI	Solar Thermal	0	0	0	0	0	0	0	0	0	0	0	0	0	0	0	0	0.221074	0.0239765	0.557468	0	0.0191208	0.0473673	0.130994	0	53	84855.1	0.000540833
HI	Wood	0	0	0	0	0	0	0	0	0	0	0	0	0	0	0	0	0	0	0	0	0	0	0	1	20	0	1.94234e-07
IA	Electricity	0.005	0	0	0.149527	0.774717	0.070756	0	0	0	0	0	0	0	0	0	0	0	0	0	0	0	0	0	0	89	418184	0.00412965
IA	Fuel Oil	0	0	0	0	0	0	0.285263	0.169796	0.54494	0	0	0	0	0	0	0	0	0	0	0	0	0	0	0	604	0	2.27257e-06
IA	Natural Gas	0	0	0	0	0	0	0	0	0	0.197122	0.752852	0.0500266	0	0	0	0	0	0	0	0	0	0	0	0	168	749909	0.00506246
IA	Other Fuel	0	0	0	0	0	0	0	0	0	0	0	0	1	0	0	0	0	0	0	0	0	0	0	0	13	0	1.96861e-07
IA	Propane	0	0	0	0	0	0	0	0	0	0	0	0	0	0.196968	0.770872	0.0321593	0	0	0	0	0	0	0	0	28	109928	0.000958872
IA	Solar Thermal	0	0	0	0	0	0	0	0	0	0	0	0	0	0	0	0	0.227327	0.0246546	0.573234	0.00403585	0.00710105	0.0289493	0.134698	0	75	0	1.14167e-06
IA	Wood	0	0	0	0	0	0	0	0	0	0	0	0	0	0	0	0	0	0	0	0	0	0	0	1	20	3927.09	1.00031e-05
ID	Electricity	0.005	0	0	0.175677	0.797203	0.0221195	0	0	0	0	0	0	0	0	0	0	0	0	0	0	0	0	0	0	119	306380	0.00276465
ID	Fuel Oil	0	0	0	0	0	0	0.254068	0.235338	0.510595	0	0	0	0	0	0	0	0	0	0	0	0	0	0	0	47	0	2.68326e-05
ID	Natural Gas	0	0	0	0	0	0	0	0	0	0.15829	0.789881	0.0518294	0	0	0	0	0	0	0	0	0	0	0	0	143	331148	0.00216427
ID	Other Fuel	0	0	0	0	0	0	0	0	0	0	0	0	1	0	0	0	0	0	0	0	0	0	0	0	13	0	1.37054e-06
ID	Propane	0	0	0	0	0	0	0	0	0	0	0	0	0	0.16692	0.6694	0.16368	0	0	0	0	0	0	0	0	40	18982.6	0.000159387
ID	Solar Thermal	0	0	0	0	0	0	0	0	0	0	0	0	0	0	0	0	0.22673	0.0245899	0.571729	0	0.012253	0.0303538	0.134345	0	61	0	8.79774e-07
ID	Wood	0	0	0	0	0	0	0	0	0	0	0	0	0	0	0	0	0	0	0	0	0	0	0	1	20	0	5.30037e-09
IL	Electricity	0.005	0	0	0.165934	0.780674	0.0483916	0	0	0	0	0	0	0	0	0	0	0	0	0	0	0	0	0	0	139	1.37627e+06	0.0117848
IL	Fuel Oil	0	0	0	0	0	0	0.285263	0.169796	0.54494	0	0	0	0	0	0	0	0	0	0	0	0	0	0	0	604	0	1.81166e-05
IL	Natural Gas	0	0	0	0	0	0	0	0	0	0.113734	0.865739	0.020528	0	0	0	0	0	0	0	0	0	0	0	0	375	3.39088e+06	0.0266286
IL	Other Fuel	0	0	0	0	0	0	0	0	0	0	0	0	1	0	0	0	0	0	0	0	0	0	0	0	13	6176.57	8.00814e-05
IL	Propane	0	0	0	0	0	0	0	0	0	0	0	0	0	0.124796	0.678599	0.196605	0	0	0	0	0	0	0	0	15	127200	0.00108595
IL	Solar Thermal	0	0	0	0	0	0	0	0	0	0	0	0	0	0	0	0	0.227327	0.0246546	0.573234	0.00403585	0.00710105	0.0289493	0.134698	0	75	0	3.6964e-06
IL	Wood	0	0	0	0	0	0	0	0	0	0	0	0	0	0	0	0	0	0	0	0	0	0	0	1	20	0	1.1735e-05
IN	Electricity	0.005	0	0	0.159762	0.800031	0.0352072	0	0	0	0	0	0	0	0	0	0	0	0	0	0	0	0	0	0	176	1.12672e+06	0.00956167
IN	Fuel Oil	0	0	0	0	0	0	0.285263	0.169796	0.54494	0	0	0	0	0	0	0	0	0	0	0	0	0	0	0	604	17164	0.00018909
IN	Natural Gas	0	0	0	0	0	0	0	0	0	0.107268	0.851768	0.0409647	0	0	0	0	0	0	0	0	0	0	0	0	204	1.34658e+06	0.0105174
IN	Other Fuel	0	0	0	0	0	0	0	0	0	0	0	0	1	0	0	0	0	0	0	0	0	0	0	0	13	0	1.73138e-07
IN	Propane	0	0	0	0	0	0	0	0	0	0	0	0	0	0.0935879	0.703248	0.203164	0	0	0	0	0	0	0	0	16	92827.6	0.000729548
IN	Solar Thermal	0	0	0	0	0	0	0	0	0	0	0	0	0	0	0	0	0.227327	0.0246546	0.573234	0.00403585	0.00710105	0.0289493	0.134698	0	75	8947.24	9.30408e-05
IN	Wood	0	0	0	0	0	0	0	0	0	0	0	0	0	0	0	0	0	0	0	0	0	0	0	1	20	7359.58	2.47201e-05
KS	Electricity	0.005	0	0	0.22154	0.744902	0.0285584	0	0	0	0	0	0	0	0	0	0	0	0	0	0	0	0	0	0	59	358026	0.00315716
KS	Fuel Oil	0	0	0	0	0	0	0.285263	0.169796	0.54494	0	0	0	0	0	0	0	0	0	0	0	0	0	0	0	604	0	7.37446e-07
KS	Natural Gas	0	0	0	0	0	0	0	0	0	0.174269	0.801964	0.0237675	0	0	0	0	0	0	0	0	0	0	0	0	133	686788	0.00520492
KS	Other Fuel	0	0	0	0	0	0	0	0	0	0	0	0	1	0	0	0	0	0	0	0	0	0	0	0	13	0	9.36567e-08
KS	Propane	0	0	0	0	0	0	0	0	0	0	0	0	0	0	0.828648	0.171352	0	0	0	0	0	0	0	0	16	82257.8	0.000944982
KS	Solar Thermal	0	0	0	0	0	0	0	0	0	0	0	0	0	0	0	0	0.227327	0.0246546	0.573234	0.00403585	0.00710105	0.0289493	0.134698	0	75	0	4.68733e-07
KS	Wood	0	0	0	0	0	0	0	0	0	0	0	0	0	0	0	0	0	0	0	0	0	0	0	1	20	0	1.06945e-05
KY	Electricity	0.005	0	0	0.190674	0.764462	0.0398647	0	0	0	0	0	0	0	0	0	0	0	0	0	0	0	0	0	0	275	1.13187e+06	0.00999424
KY	Fuel Oil	0	0	0	0	0	0	0.0539114	0.0644831	0.881606	0	0	0	0	0	0	0	0	0	0	0	0	0	0	0	18	0	1.32796e-05
KY	Natural Gas	0	0	0	0	0	0	0	0	0	0.148705	0.843998	0.00729663	0	0	0	0	0	0	0	0	0	0	0	0	146	577972	0.00418326
KY	Other Fuel	0	0	0	0	0	0	0	0	0	0	0	0	1	0	0	0	0	0	0	0	0	0	0	0	13	0	0
KY	Propane	0	0	0	0	0	0	0	0	0	0	0	0	0	0.169292	0.506976	0.323732	0	0	0	0	0	0	0	0	35	28425.1	0.000363141
KY	Solar Thermal	0	0	0	0	0	0	0	0	0	0	0	0	0	0	0	0	0.227327	0.0246546	0.573234	0.00403585	0.00710105	0.0289493	0.134698	0	75	0	1.87291e-07
KY	Wood	0	0	0	0	0	0	0	0	0	0	0	0	0	0	0	0	0	0	0	0	0	0	0	1	20	0	2.77696e-07
LA	Electricity	0.005	0	0	0.226455	0.749255	0.0192908	0	0	0	0	0	0	0	0	0	0	0	0	0	0	0	0	0	0	183	1.04755e+06	0.00892976
LA	Fuel Oil	0	0	0	0	0	0	0.0539114	0.0644831	0.881606	0	0	0	0	0	0	0	0	0	0	0	0	0	0	0	18	0	1.62865e-06
LA	Natural Gas	0	0	0	0	0	0	0	0	0	0.170333	0.770181	0.0594859	0	0	0	0	0	0	0	0	0	0	0	0	120	634349	0.00547726
LA	Other Fuel	0	0	0	0	0	0	0	0	0	0	0	0	1	0	0	0	0	0	0	0	0	0	0	0	13	0	0
LA	Propane	0	0	0	0	0	0	0	0	0	0	0	0	0	0.132679	0.629867	0.237454	0	0	0	0	0	0	0	0	63	45330.2	0.000597876
LA	Solar Thermal	0	0	0	0	0	0	0	0	0	0	0	0	0	0	0	0	0.227327	0.0246546	0.573234	0.00403585	0.00710105	0.0289493	0.134698	0	75	0	0
LA	Wood	0	0	0	0	0	0	0	0	0	0	0	0	0	0	0	0	0	0	0	0	0	0	0	1	20	0	4.82148e-10
MA	Electricity	0.005	0	0	0.235561	0.635737	0.123702	0	0	0	0	0	0	0	0	0	0	0	0	0	0	0	0	0	0	163	806307	0.0064332
MA	Fuel Oil	0	0	0	0	0	0	0.318048	0.132846	0.549106	0	0	0	0	0	0	0	0	0	0	0	0	0	0	0	94	408448	0.00334789
MA	Natural Gas	0	0	0	0	0	0	0	0	0	0.189751	0.68572	0.124529	0	0	0	0	0	0	0	0	0	0	0	0	277	1.4225e+06	0.010776
MA	Other Fuel	0	0	0	0	0	0	0	0	0	0	0	0	1	0	0	0	0	0	0	0	0	0	0	0	13	7346.07	6.43656e-05
MA	Propane	0	0	0	0	0	0	0	0	0	0	0	0	0	0.0624829	0.825796	0.111721	0	0	0	0	0	0	0	0	15	61993.1	0.000488132
MA	Solar Thermal	0	0	0	0	0	0	0	0	0	0	0	0	0	0	0	0	0.227327	0.0246546	0.573234	0.00403585	0.00710105	0.0289493	0.134698	0	75	2530.66	1.97014e-05
MA	Wood	0	0	0	0	0	0	0	0	0	0	0	0	0	0	0	0	0	0	0	0	0	0	0	1	11	4653.74	3.1109e-05
MD	Electricity	0.005	0	0	0.158966	0.762804	0.0732293	0	0	0	0	0	0	0	0	0	0	0	0	0	0	0	0	0	0	202	1.29833e+06	0.0107614
MD	Fuel Oil	0	0	0	0	0	0	0.0697573	0.0834363	0.846806	0	0	0	0	0	0	0	0	0	0	0	0	0	0	0	16	32906.2	0.00037797
MD	Natural Gas	0	0	0	0	0	0	0	0	0	0.167432	0.780935	0.0516336	0	0	0	0	0	0	0	0	0	0	0	0	142	879948	0.00626527
MD	Other Fuel	0	0	0	0	0	0	0	0	0	0	0	0	1	0	0	0	0	0	0	0	0	0	0	0	13	0	0
MD	Propane	0	0	0	0	0	0	0	0	0	0	0	0	0	0.0953087	0.473714	0.430977	0	0	0	0	0	0	0	0	87	46040	0.000553721
MD	Solar Thermal	0	0	0	0	0	0	0	0	0	0	0	0	0	0	0	0	0.227327	0.0246546	0.573234	0.00403585	0.00710105	0.0289493	0.134698	0	75	13310.6	0.00010021
MD	Wood	0	0	0	0	0	0	0	0	0	0	0	0	0	0	0	0	0	0	0	0	0	0	0	1	20	10798.4	7.90382e-06
ME	Electricity	0.0671	0	0	0.216591	0.676171	0.040138	0	0	0	0	0	0	0	0	0	0	0	0	0	0	0	0	0	0	76	199383	0.00186745
ME	Fuel Oil	0	0	0	0	0	0	0.330573	0.177729	0.491698	0	0	0	0	0	0	0	0	0	0	0	0	0	0	0	78	190409	0.00237542
ME	Natural Gas	0	0	0	0	0	0	0	0	0	0.298824	0.607284	0.0938921	0	0	0	0	0	0	0	0	0	0	0	0	26	78050.6	0.00038706
ME	Other Fuel	0	0	0	0	0	0	0	0	0	0	0	0	1	0	0	0	0	0	0	0	0	0	0	0	13	1320.17	1.16678e-06
ME	Propane	0	0	0	0	0	0	0	0	0	0	0	0	0	0.10829	0.344522	0.547188	0	0	0	0	0	0	0	0	37	80708.9	0.00066162
ME	Solar Thermal	0	0	0	0	0	0	0	0	0	0	0	0	0	0	0	0	0.227327	0.0246546	0.573234	0.00403585	0.00710105	0.0289493	0.134698	0	75	6487.12	4.424e-05
ME	Wood	0	0	0	0	0	0	0	0	0	0	0	0	0	0	0	0	0	0	0	0	0	0	0	1	11	8176.14	8.71239e-05
MI	Electricity	0.005	0	0	0.101905	0.862464	0.0306308	0	0	0	0	0	0	0	0	0	0	0	0	0	0	0	0	0	0	101	1.07072e+06	0.0100471
MI	Fuel Oil	0	0	0	0	0	0	0.285263	0.169796	0.54494	0	0	0	0	0	0	0	0	0	0	0	0	0	0	0	604	33615	0.000129002
MI	Natural Gas	0	0	0	0	0	0	0	0	0	0.138577	0.814032	0.0473913	0	0	0	0	0	0	0	0	0	0	0	0	263	2.6025e+06	0.0217231
MI	Other Fuel	0	0	0	0	0	0	0	0	0	0	0	0	1	0	0	0	0	0	0	0	0	0	0	0	13	0	7.90641e-06
MI	Propane	0	0	0	0	0	0	0	0	0	0	0	0	0	0.331424	0.619162	0.0494136	0	0	0	0	0	0	0	0	20	206376	0.00197648
MI	Solar Thermal	0	0	0	0	0	0	0	0	0	0	0	0	0	0	0	0	0.227327	0.0246546	0.573234	0.00403585	0.00710105	0.0289493	0.134698	0	75	0	1.33014e-05
MI	Wood	0	0	0	0	0	0	0	0	0	0	0	0	0	0	0	0	0	0	0	0	0	0	0	1	20	5706.89	6.50735e-06
MN	Electricity	0.005	0	0	0.214796	0.736527	0.0436775	0	0	0	0	0	0	0	0	0	0	0	0	0	0	0	0	0	0	116	832059	0.00699067
MN	Fuel Oil	0	0	0	0	0	0	0.285263	0.169796	0.54494	0	0	0	0	0	0	0	0	0	0	0	0	0	0	0	604	0	1.91956e-05
MN	Natural Gas	0	0	0	0	0	0	0	0	0	0.143216	0.771212	0.0855721	0	0	0	0	0	0	0	0	0	0	0	0	198	1.32387e+06	0.0100865
MN	Other Fuel	0	0	0	0	0	0	0	0	0	0	0	0	1	0	0	0	0	0	0	0	0	0	0	0	13	0	7.13729e-07
MN	Propane	0	0	0	0	0	0	0	0	0	0	0	0	0	0.110674	0.787759	0.101567	0	0	0	0	0	0	0	0	10	66543.2	0.000643292
MN	Solar Thermal	0	0	0	0	0	0	0	0	0	0	0	0	0	0	0	0	0.227327	0.0246546	0.573234	0.00403585	0.00710105	0.0289493	0.134698	0	75	0	1.98486e-06
MN	Wood	0	0	0	0	0	0	0	0	0	0	0	0	0	0	0	0	0	0	0	0	0	0	0	1	20	7312.33	3.27738e-05
MO	Electricity	0.005	0	0	0.116528	0.816381	0.062091	0	0	0	0	0	0	0	0	0	0	0	0	0	0	0	0	0	0	132	1.14017e+06	0.0106828
MO	Fuel Oil	0	0	0	0	0	0	0.285263	0.169796	0.54494	0	0	0	0	0	0	0	0	0	0	0	0	0	0	0	604	0	2.24833e-06
MO	Natural Gas	0	0	0	0	0	0	0	0	0	0.132219	0.822102	0.0456791	0	0	0	0	0	0	0	0	0	0	0	0	155	1.2211e+06	0.00871694
MO	Other Fuel	0	0	0	0	0	0	0	0	0	0	0	0	1	0	0	0	0	0	0	0	0	0	0	0	13	0	2.09601e-07
MO	Propane	0	0	0	0	0	0	0	0	0	0	0	0	0	0.0885494	0.798514	0.112936	0	0	0	0	0	0	0	0	96	68550.4	0.000973208
MO	Solar Thermal	0	0	0	0	0	0	0	0	0	0	0	0	0	0	0	0	0.227327	0.0246546	0.573234	0.00403585	0.00710105	0.0289493	0.134698	0	75	0	1.35758e-06
MO	Wood	0	0	0	0	0	0	0	0	0	0	0	0	0	0	0	0	0	0	0	0	0	0	0	1	20	0	5.3396e-05
MS	Electricity	0.005	0	0	0.186367	0.79507	0.0135636	0	0	0	0	0	0	0	0	0	0	0	0	0	0	0	0	0	0	103	703896	0.00614306
MS	Fuel Oil	0	0	0	0	0	0	0.0539114	0.0644831	0.881606	0	0	0	0	0	0	0	0	0	0	0	0	0	0	0	18	0	2.29768e-06
MS	Natural Gas	0	0	0	0	0	0	0	0	0	0.0509534	0.868416	0.0806306	0	0	0	0	0	0	0	0	0	0	0	0	53	309113	0.00270405
MS	Other Fuel	0	0	0	0	0	0	0	0	0	0	0	0	1	0	0	0	0	0	0	0	0	0	0	0	13	0	0
MS	Propane	0	0	0	0	0	0	0	0	0	0	0	0	0	0.263551	0.331757	0.404692	0	0	0	0	0	0	0	0	12	71525.3	0.000812237
MS	Solar Thermal	0	0	0	0	0	0	0	0	0	0	0	0	0	0	0	0	0.227327	0.0246546	0.573234	0.00403585	0.00710105	0.0289493	0.134698	0	75	0	1.83693e-07
MS	Wood	0	0	0	0	0	0	0	0	0	0	0	0	0	0	0	0	0	0	0	0	0	0	0	1	20	0	1.75095e-07
MT	Electricity	0.005	0	0	0.165579	0.783072	0.0463494	0	0	0	0	0	0	0	0	0	0	0	0	0	0	0	0	0	0	65	179134	0.00166879
MT	Fuel Oil	0	0	0	0	0	0	0.254068	0.235338	0.510595	0	0	0	0	0	0	0	0	0	0	0	0	0	0	0	47	4652.03	1.67888e-05
MT	Natural Gas	0	0	0	0	0	0	0	0	0	0.200749	0.661464	0.137786	0	0	0	0	0	0	0	0	0	0	0	0	95	224735	0.00171203
MT	Other Fuel	0	0	0	0	0	0	0	0	0	0	0	0	1	0	0	0	0	0	0	0	0	0	0	0	13	0	6.76473e-07
MT	Propane	0	0	0	0	0	0	0	0	0	0	0	0	0	0.16692	0.6694	0.16368	0	0	0	0	0	0	0	0	40	21530.6	0.000237743
MT	Solar Thermal	0	0	0	0	0	0	0	0	0	0	0	0	0	0	0	0	0.22673	0.0245899	0.571729	0	0.012253	0.0303538	0.134345	0	61	3277.45	2.9891e-05
MT	Wood	0	0	0	0	0	0	0	0	0	0	0	0	0	0	0	0	0	0	0	0	0	0	0	1	20	0	1.65785e-08
NC	Electricity	0.005	0	0	0.224349	0.738125	0.0325265	0	0	0	0	0	0	0	0	0	0	0	0	0	0	0	0	0	0	344	2.99537e+06	0.0256835
NC	Fuel Oil	0	0	0	0	0	0	0.0697573	0.0834363	0.846806	0	0	0	0	0	0	0	0	0	0	0	0	0	0	0	16	0	0.000127042
NC	Natural Gas	0	0	0	0	0	0	0	0	0	0.222316	0.67476	0.102924	0	0	0	0	0	0	0	0	0	0	0	0	120	898153	0.00614922
NC	Other Fuel	0	0	0	0	0	0	0	0	0	0	0	0	1	0	0	0	0	0	0	0	0	0	0	0	13	0	0
NC	Propane	0	0	0	0	0	0	0	0	0	0	0	0	0	0.178973	0.292899	0.528128	0	0	0	0	0	0	0	0	14	108482	0.00124264
NC	Solar Thermal	0	0	0	0	0	0	0	0	0	0	0	0	0	0	0	0	0.227327	0.0246546	0.573234	0.00403585	0.00710105	0.0289493	0.134698	0	75	0	9.30733e-07
NC	Wood	0	0	0	0	0	0	0	0	0	0	0	0	0	0	0	0	0	0	0	0	0	0	0	1	20	10734.4	2.00126e-05
ND	Electricity	0.005	0	0	0.176701	0.787888	0.030411	0	0	0	0	0	0	0	0	0	0	0	0	0	0	0	0	0	0	190	183698	0.0016322
ND	Fuel Oil	0	0	0	0	0	0	0.285263	0.169796	0.54494	0	0	0	0	0	0	0	0	0	0	0	0	0	0	0	604	799.048	4.78984e-06
ND	Natural Gas	0	0	0	0	0	0	0	0	0	0.164064	0.786077	0.0498599	0	0	0	0	0	0	0	0	0	0	0	0	121	112823	0.000835928
ND	Other Fuel	0	0	0	0	0	0	0	0	0	0	0	0	1	0	0	0	0	0	0	0	0	0	0	0	13	0	1.21264e-07
ND	Propane	0	0	0	0	0	0	0	0	0	0	0	0	0	0.162487	0.593077	0.244436	0	0	0	0	0	0	0	0	18	17101.9	0.000125399
ND	Solar Thermal	0	0	0	0	0	0	0	0	0	0	0	0	0	0	0	0	0.227327	0.0246546	0.573234	0.00403585	0.00710105	0.0289493	0.134698	0	75	1150.18	1.24928e-05
ND	Wood	0	0	0	0	0	0	0	0	0	0	0	0	0	0	0	0	0	0	0	0	0	0	0	1	20	0	9.31638e-07
NE	Electricity	0.005	0	0	0.0829157	0.851899	0.0601855	0	0	0	0	0	0	0	0	0	0	0	0	0	0	0	0	0	0	59	254476	0.00235261
NE	Fuel Oil	0	0	0	0	0	0	0.285263	0.169796	0.54494	0	0	0	0	0	0	0	0	0	0	0	0	0	0	0	604	0	9.27904e-07
NE	Natural Gas	0	0	0	0	0	0	0	0	0	0.15677	0.833392	0.00983769	0	0	0	0	0	0	0	0	0	0	0	0	126	493892	0.00346902
NE	Other Fuel	0	0	0	0	0	0	0	0	0	0	0	0	1	0	0	0	0	0	0	0	0	0	0	0	13	0	9.90962e-08
NE	Propane	0	0	0	0	0	0	0	0	0	0	0	0	0	0.0885494	0.798514	0.112936	0	0	0	0	0	0	0	0	96	16833.6	0.00025115
NE	Solar Thermal	0	0	0	0	0	0	0	0	0	0	0	0	0	0	0	0	0.227327	0.0246546	0.573234	0.00403585	0.00710105	0.0289493	0.134698	0	75	0	5.21605e-07
NE	Wood	0	0	0	0	0	0	0	0	0	0	0	0	0	0	0	0	0	0	0	0	0	0	0	1	20	0	5.29107e-06
NH	Electricity	0.005	0	0	0.215042	0.719968	0.0599908	0	0	0	0	0	0	0	0	0	0	0	0	0	0	0	0	0	0	66	204243	0.00187305
NH	Fuel Oil	0	0	0	0	0	0	0.37775	0.108005	0.514245	0	0	0	0	0	0	0	0	0	0	0	0	0	0	0	39	119014	0.00117317
NH	Natural Gas	0	0	0	0	0	0	0	0	0	0.0486324	0.858048	0.0933195	0	0	0	0	0	0	0	0	0	0	0	0	36	119910	0.000811005
NH	Other Fuel	0	0	0	0	0	0	0	0	0	0	0	0	1	0	0	0	0	0	0	0	0	0	0	0	13	0	3.32517e-06
NH	Propane	0	0	0	0	0	0	0	0	0	0	0	0	0	0.172696	0.548517	0.278788	0	0	0	0	0	0	0	0	33	91855.1	0.000735999
NH	Solar Thermal	0	0	0	0	0	0	0	0	0	0	0	0	0	0	0	0	0.227327	0.0246546	0.573234	0.00403585	0.00710105	0.0289493	0.134698	0	75	0	3.1138e-06
NH	Wood	0	0	0	0	0	0	0	0	0	0	0	0	0	0	0	0	0	0	0	0	0	0	0	1	11	3421.56	3.07228e-05
NJ	Electricity	0.005	0	0	0.196717	0.767517	0.0307655	0	0	0	0	0	0	0	0	0	0	0	0	0	0	0	0	0	0	108	869033	0.00666509
NJ	Fuel Oil	0	0	0	0	0	0	0.274742	0.112274	0.612983	0	0	0	0	0	0	0	0	0	0	0	0	0	0	0	16	110499	0.00112155
NJ	Natural Gas	0	0	0	0	0	0	0	0	0	0.179273	0.750995	0.0697323	0	0	0	0	0	0	0	0	0	0	0	0	325	2.36289e+06	0.0185366
NJ	Other Fuel	0	0	0	0	0	0	0	0	0	0	0	0	1	0	0	0	0	0	0	0	0	0	0	0	13	0	0
NJ	Propane	0	0	0	0	0	0	0	0	0	0	0	0	0	0.0694201	0.703054	0.227526	0	0	0	0	0	0	0	0	69	51566	0.000424665
NJ	Solar Thermal	0	0	0	0	0	0	0	0	0	0	0	0	0	0	0	0	0.227327	0.0246546	0.573234	0.00403585	0.00710105	0.0289493	0.134698	0	75	0	7.51222e-07
NJ	Wood	0	0	0	0	0	0	0	0	0	0	0	0	0	0	0	0	0	0	0	0	0	0	0	1	11	0	4.85429e-06
NM	Electricity	0.005	0	0	0.0967361	0.680446	0.217817	0	0	0	0	0	0	0	0	0	0	0	0	0	0	0	0	0	0	34	155069	0.00164507
NM	Fuel Oil	0	0	0	0	0	0	0.254068	0.235338	0.510595	0	0	0	0	0	0	0	0	0	0	0	0	0	0	0	47	0	3.1663e-06
NM	Natural Gas	0	0	0	0	0	0	0	0	0	0.255781	0.702405	0.0418145	0	0	0	0	0	0	0	0	0	0	0	0	127	551121	0.00438689
NM	Other Fuel	0	0	0	0	0	0	0	0	0	0	0	0	1	0	0	0	0	0	0	0	0	0	0	0	13	0	1.58082e-07
NM	Propane	0	0	0	0	0	0	0	0	0	0	0	0	0	0.315459	0.60628	0.0782611	0	0	0	0	0	0	0	0	17	80863.1	0.000771195
NM	Solar Thermal	0	0	0	0	0	0	0	0	0	0	0	0	0	0	0	0	0.22673	0.0245899	0.571729	0	0.012253	0.0303538	0.134345	0	61	0	0
NM	Wood	0	0	0	0	0	0	0	0	0	0	0	0	0	0	0	0	0	0	0	0	0	0	0	1	20	0	3.35138e-09
NV	Electricity	0.005	0	0	0.152316	0.802816	0.0398688	0	0	0	0	0	0	0	0	0	0	0	0	0	0	0	0	0	0	60	312659	0.00332924
NV	Fuel Oil	0	0	0	0	0	0	0.254068	0.235338	0.510595	0	0	0	0	0	0	0	0	0	0	0	0	0	0	0	47	0	1.75387e-05
NV	Natural Gas	0	0	0	0	0	0	0	0	0	0.232216	0.703766	0.0640182	0	0	0	0	0	0	0	0	0	0	0	0	159	767925	0.00535547
NV	Other Fuel	0	0	0	0	0	0	0	0	0	0	0	0	1	0	0	0	0	0	0	0	0	0	0	0	13	0	7.88573e-06
NV	Propane	0	0	0	0	0	0	0	0	0	0	0	0	0	0.297597	0.499143	0.20326	0	0	0	0	0	0	0	0	12	58825	0.000245228
NV	Solar Thermal	0	0	0	0	0	0	0	0	0	0	0	0	0	0	0	0	0.22673	0.0245899	0.571729	0	0.012253	0.0303538	0.134345	0	61	0	0
NV	Wood	0	0	0	0	0	0	0	0	0	0	0	0	0	0	0	0	0	0	0	0	0	0	0	1	20	0	2.23632e-08
NY	Electricity	0.005	0	0	0.230439	0.72074	0.0438208	0	0	0	0	0	0	0	0	0	0	0	0	0	0	0	0	0	0	244	2.10806e+06	0.0159064
NY	Fuel Oil	0	0	0	0	0	0	0.238225	0.230835	0.530941	0	0	0	0	0	0	0	0	0	0	0	0	0	0	0	99	825150	0.00884946
NY	Natural Gas	0	0	0	0	0	0	0	0	0	0.19526	0.751772	0.0529679	0	0	0	0	0	0	0	0	0	0	0	0	517	4.27676e+06	0.0335603
NY	Other Fuel	0	0	0	0	0	0	0	0	0	0	0	0	1	0	0	0	0	0	0	0	0	0	0	0	13	0	0
NY	Propane	0	0	0	0	0	0	0	0	0	0	0	0	0	0.0554031	0.710609	0.233988	0	0	0	0	0	0	0	0	40	274157	0.00252824
NY	Solar Thermal	0	0	0	0	0	0	0	0	0	0	0	0	0	0	0	0	0.227327	0.0246546	0.573234	0.00403585	0.00710105	0.0289493	0.134698	0	75	20722.3	0.000186555
NY	Wood	0	0	0	0	0	0	0	0	0	0	0	0	0	0	0	0	0	0	0	0	0	0	0	1	11	16269.9	7.49577e-05
OH	Electricity	0.005	0	0	0.222982	0.741093	0.0309254	0	0	0	0	0	0	0	0	0	0	0	0	0	0	0	0	0	0	125	1.78181e+06	0.0143947
OH	Fuel Oil	0	0	0	0	0	0	0.285263	0.169796	0.54494	0	0	0	0	0	0	0	0	0	0	0	0	0	0	0	604	19087.4	8.55242e-05
OH	Natural Gas	0	0	0	0	0	0	0	0	0	0.132124	0.852856	0.0150206	0	0	0	0	0	0	0	0	0	0	0	0	197	2.71276e+06	0.0223955
OH	Other Fuel	0	0	0	0	0	0	0	0	0	0	0	0	1	0	0	0	0	0	0	0	0	0	0	0	13	0	6.94681e-07
OH	Propane	0	0	0	0	0	0	0	0	0	0	0	0	0	0.108634	0.608307	0.283059	0	0	0	0	0	0	0	0	16	225347	0.00147415
OH	Solar Thermal	0	0	0	0	0	0	0	0	0	0	0	0	0	0	0	0	0.227327	0.0246546	0.573234	0.00403585	0.00710105	0.0289493	0.134698	0	75	0	2.77755e-06
OH	Wood	0	0	0	0	0	0	0	0	0	0	0	0	0	0	0	0	0	0	0	0	0	0	0	1	20	0	4.08745e-05
OK	Electricity	0.005	0	0	0.169297	0.795458	0.0302444	0	0	0	0	0	0	0	0	0	0	0	0	0	0	0	0	0	0	97	677438	0.00562008
OK	Fuel Oil	0	0	0	0	0	0	0.0539114	0.0644831	0.881606	0	0	0	0	0	0	0	0	0	0	0	0	0	0	0	18	0	3.78973e-06
OK	Natural Gas	0	0	0	0	0	0	0	0	0	0.142613	0.817402	0.0399847	0	0	0	0	0	0	0	0	0	0	0	0	124	744359	0.00626568
OK	Other Fuel	0	0	0	0	0	0	0	0	0	0	0	0	1	0	0	0	0	0	0	0	0	0	0	0	13	0	0
OK	Propane	0	0	0	0	0	0	0	0	0	0	0	0	0	0.206747	0.631478	0.161775	0	0	0	0	0	0	0	0	11	71035.8	0.000787785
OK	Solar Thermal	0	0	0	0	0	0	0	0	0	0	0	0	0	0	0	0	0.227327	0.0246546	0.573234	0.00403585	0.00710105	0.0289493	0.134698	0	75	0	0
OK	Wood	0	0	0	0	0	0	0	0	0	0	0	0	0	0	0	0	0	0	0	0	0	0	0	1	20	0	3.01708e-09
OR	Electricity	0.03	0	0	0.213623	0.742454	0.0139223	0	0	0	0	0	0	0	0	0	0	0	0	0	0	0	0	0	0	193	1.07223e+06	0.00842617
OR	Fuel Oil	0	0	0	0	0	0	0.191887	0.3599	0.448213	0	0	0	0	0	0	0	0	0	0	0	0	0	0	0	44	0	7.32379e-05
OR	Natural Gas	0	0	0	0	0	0	0	0	0	0.161243	0.767115	0.0716417	0	0	0	0	0	0	0	0	0	0	0	0	113	544792	0.00393442
OR	Other Fuel	0	0	0	0	0	0	0	0	0	0	0	0	1	0	0	0	0	0	0	0	0	0	0	0	13	0	4.07789e-06
OR	Propane	0	0	0	0	0	0	0	0	0	0	0	0	0	0.300673	0.521608	0.17772	0	0	0	0	0	0	0	0	57	37132.3	0.000289835
OR	Solar Thermal	0	0	0	0	0	0	0	0	0	0	0	0	0	0	0	0	0.225093	0.0244123	0.567602	0	0.0142406	0.0352778	0.133375	0	56	0	4.7505e-07
OR	Wood	0	0	0	0	0	0	0	0	0	0	0	0	0	0	0	0	0	0	0	0	0	0	0	1	20	0	3.3174e-08
PA	Electricity	0.005	0	0	0.219632	0.743872	0.0314959	0	0	0	0	0	0	0	0	0	0	0	0	0	0	0	0	0	0	277	2.2848e+06	0.0180875
PA	Fuel Oil	0	0	0	0	0	0	0.30953	0.141518	0.548952	0	0	0	0	0	0	0	0	0	0	0	0	0	0	0	36	292930	0.0031165
PA	Natural Gas	0	0	0	0	0	0	0	0	0	0.0916509	0.871993	0.0363559	0	0	0	0	0	0	0	0	0	0	0	0	278	2.35556e+06	0.0190712
PA	Other Fuel	0	0	0	0	0	0	0	0	0	0	0	0	1	0	0	0	0	0	0	0	0	0	0	0	13	13480.4	0.00012987
PA	Propane	0	0	0	0	0	0	0	0	0	0	0	0	0	0.114322	0.629445	0.256233	0	0	0	0	0	0	0	0	22	165305	0.00117668
PA	Solar Thermal	0	0	0	0	0	0	0	0	0	0	0	0	0	0	0	0	0.227327	0.0246546	0.573234	0.00403585	0.00710105	0.0289493	0.134698	0	75	9914.37	9.21169e-05
PA	Wood	0	0	0	0	0	0	0	0	0	0	0	0	0	0	0	0	0	0	0	0	0	0	0	1	11	6406.19	4.15931e-05
RI	Electricity	0.005	0	0	0.234686	0.671546	0.0887686	0	0	0	0	0	0	0	0	0	0	0	0	0	0	0	0	0	0	49	109254	0.000783292
RI	Fuel Oil	0	0	0	0	0	0	0.39434	0.120025	0.485635	0	0	0	0	0	0	0	0	0	0	0	0	0	0	0	45	81064.9	0.000715365
RI	Natural Gas	0	0	0	0	0	0	0	0	0	0.197129	0.715459	0.0874121	0	0	0	0	0	0	0	0	0	0	0	0	92	214648	0.00182448
RI	Other Fuel	0	0	0	0	0	0	0	0	0	0	0	0	1	0	0	0	0	0	0	0	0	0	0	0	13	0	0
RI	Propane	0	0	0	0	0	0	0	0	0	0	0	0	0	0.123695	0.576797	0.299508	0	0	0	0	0	0	0	0	154	11962.2	0.000119175
RI	Solar Thermal	0	0	0	0	0	0	0	0	0	0	0	0	0	0	0	0	0.227327	0.0246546	0.573234	0.00403585	0.00710105	0.0289493	0.134698	0	75	0	1.79603e-06
RI	Wood	0	0	0	0	0	0	0	0	0	0	0	0	0	0	0	0	0	0	0	0	0	0	0	1	11	1759.62	7.13106e-06
SC	Electricity	0.005	0	0	0.214245	0.743335	0.0374198	0	0	0	0	0	0	0	0	0	0	0	0	0	0	0	0	0	0	254	1.52374e+06	0.013091
SC	Fuel Oil	0	0	0	0	0	0	0.0697573	0.0834363	0.846806	0	0	0	0	0	0	0	0	0	0	0	0	0	0	0	16	0	1.6511e-05
SC	Natural Gas	0	0	0	0	0	0	0	0	0	0.3169	0.457274	0.225826	0	0	0	0	0	0	0	0	0	0	0	0	73	404696	0.00292068
SC	Other Fuel	0	0	0	0	0	0	0	0	0	0	0	0	1	0	0	0	0	0	0	0	0	0	0	0	13	0	0
SC	Propane	0	0	0	0	0	0	0	0	0	0	0	0	0	0.0953087	0.473714	0.430977	0	0	0	0	0	0	0	0	87	42100.2	0.000318659
SC	Solar Thermal	0	0	0	0	0	0	0	0	0	0	0	0	0	0	0	0	0.227327	0.0246546	0.573234	0.00403585	0.00710105	0.0289493	0.134698	0	75	0	4.50686e-07
SC	Wood	0	0	0	0	0	0	0	0	0	0	0	0	0	0	0	0	0	0	0	0	0	0	0	1	20	0	4.52144e-06
SD	Electricity	0.005	0	0	0.213219	0.720926	0.0608541	0	0	0	0	0	0	0	0	0	0	0	0	0	0	0	0	0	0	85	165861	0.00149398
SD	Fuel Oil	0	0	0	0	0	0	0.285263	0.169796	0.54494	0	0	0	0	0	0	0	0	0	0	0	0	0	0	0	604	0	2.02903e-06
SD	Natural Gas	0	0	0	0	0	0	0	0	0	0.130248	0.805849	0.0639031	0	0	0	0	0	0	0	0	0	0	0	0	87	158583	0.0010777
SD	Other Fuel	0	0	0	0	0	0	0	0	0	0	0	0	1	0	0	0	0	0	0	0	0	0	0	0	13	0	8.5669e-08
SD	Propane	0	0	0	0	0	0	0	0	0	0	0	0	0	0.0971777	0.590683	0.312139	0	0	0	0	0	0	0	0	11	21981.2	0.000226206
SD	Solar Thermal	0	0	0	0	0	0	0	0	0	0	0	0	0	0	0	0	0.227327	0.0246546	0.573234	0.00403585	0.00710105	0.0289493	0.134698	0	75	0	3.10015e-07
SD	Wood	0	0	0	0	0	0	0	0	0	0	0	0	0	0	0	0	0	0	0	0	0	0	0	1	20	0	3.49886e-06
TN	Electricity	0.005	0	0	0.234329	0.740739	0.0199326	0	0	0	0	0	0	0	0	0	0	0	0	0	0	0	0	0	0	367	1.97179e+06	0.0161963
TN	Fuel Oil	0	0	0	0	0	0	0.0539114	0.0644831	0.881606	0	0	0	0	0	0	0	0	0	0	0	0	0	0	0	18	0	1.10575e-05
TN	Natural Gas	0	0	0	0	0	0	0	0	0	0.156995	0.71159	0.131415	0	0	0	0	0	0	0	0	0	0	0	0	128	633855	0.00475244
TN	Other Fuel	0	0	0	0	0	0	0	0	0	0	0	0	1	0	0	0	0	0	0	0	0	0	0	0	13	0	0
TN	Propane	0	0	0	0	0	0	0	0	0	0	0	0	0	0.105342	0.681274	0.213384	0	0	0	0	0	0	0	0	10	51870.7	0.000474478
TN	Solar Thermal	0	0	0	0	0	0	0	0	0	0	0	0	0	0	0	0	0.227327	0.0246546	0.573234	0.00403585	0.00710105	0.0289493	0.134698	0	75	0	3.19006e-07
TN	Wood	0	0	0	0	0	0	0	0	0	0	0	0	0	0	0	0	0	0	0	0	0	0	0	1	20	0	4.22914e-07
TX	Electricity	0.005	0	0	0.255495	0.701603	0.0379023	0	0	0	0	0	0	0	0	0	0	0	0	0	0	0	0	0	0	532	5.56133e+06	0.0460241
TX	Fuel Oil	0	0	0	0	0	0	0.0539114	0.0644831	0.881606	0	0	0	0	0	0	0	0	0	0	0	0	0	0	0	18	21144.7	7.54275e-05
TX	Natural Gas	0	0	0	0	0	0	0	0	0	0.2161	0.722728	0.0611721	0	0	0	0	0	0	0	0	0	0	0	0	448	4.35311e+06	0.0284526
TX	Other Fuel	0	0	0	0	0	0	0	0	0	0	0	0	1	0	0	0	0	0	0	0	0	0	0	0	13	0	0
TX	Propane	0	0	0	0	0	0	0	0	0	0	0	0	0	0.0999043	0.644587	0.255509	0	0	0	0	0	0	0	0	34	319821	0.0033386
TX	Solar Thermal	0	0	0	0	0	0	0	0	0	0	0	0	0	0	0	0	0.227327	0.0246546	0.573234	0.00403585	0.00710105	0.0289493	0.134698	0	75	0	0
TX	Wood	0	0	0	0	0	0	0	0	0	0	0	0	0	0	0	0	0	0	0	0	0	0	0	1	20	0	5.88307e-08
UT	Electricity	0.005	0	0	0.0846151	0.910385	0	0	0	0	0	0	0	0	0	0	0	0	0	0	0	0	0	0	0	23	160546	0.00153544
UT	Fuel Oil	0	0	0	0	0	0	0.254068	0.235338	0.510595	0	0	0	0	0	0	0	0	0	0	0	0	0	0	0	47	0	2.97078e-06
UT	Natural Gas	0	0	0	0	0	0	0	0	0	0.159043	0.809114	0.0318429	0	0	0	0	0	0	0	0	0	0	0	0	163	859576	0.0058448
UT	Other Fuel	0	0	0	0	0	0	0	0	0	0	0	0	1	0	0	0	0	0	0	0	0	0	0	0	13	0	3.14479e-07
UT	Propane	0	0	0	0	0	0	0	0	0	0	0	0	0	0.16692	0.6694	0.16368	0	0	0	0	0	0	0	0	40	19874.7	0.000248848
UT	Solar Thermal	0	0	0	0	0	0	0	0	0	0	0	0	0	0	0	0	0.22673	0.0245899	0.571729	0	0.012253	0.0303538	0.134345	0	61	0	6.61478e-06
UT	Wood	0	0	0	0	0	0	0	0	0	0	0	0	0	0	0	0	0	0	0	0	0	0	0	1	20	0	4.60985e-09
VA	Electricity	0.005	0	0	0.157353	0.812226	0.0254215	0	0	0	0	0	0	0	0	0	0	0	0	0	0	0	0	0	0	275	2.04104e+06	0.01691
VA	Fuel Oil	0	0	0	0	0	0	0.0697573	0.0834363	0.846806	0	0	0	0	0	0	0	0	0	0	0	0	0	0	0	16	21090.9	0.000180906
VA	Natural Gas	0	0	0	0	0	0	0	0	0	0.111829	0.793661	0.0945096	0	0	0	0	0	0	0	0	0	0	0	0	154	1.05468e+06	0.00750088
VA	Other Fuel	0	0	0	0	0	0	0	0	0	0	0	0	1	0	0	0	0	0	0	0	0	0	0	0	13	0	0
VA	Propane	0	0	0	0	0	0	0	0	0	0	0	0	0	0.0944304	0.53669	0.368879	0	0	0	0	0	0	0	0	19	125206	0.00110769
VA	Solar Thermal	0	0	0	0	0	0	0	0	0	0	0	0	0	0	0	0	0.227327	0.0246546	0.573234	0.00403585	0.00710105	0.0289493	0.134698	0	75	0	5.6548e-07
VA	Wood	0	0	0	0	0	0	0	0	0	0	0	0	0	0	0	0	0	0	0	0	0	0	0	1	20	0	9.4428e-07
VT	Electricity	0.005	0	0	0.290002	0.681012	0.0239852	0	0	0	0	0	0	0	0	0	0	0	0	0	0	0	0	0	0	87	92606	0.000964519
VT	Fuel Oil	0	0	0	0	0	0	0.181685	0.131666	0.686649	0	0	0	0	0	0	0	0	0	0	0	0	0	0	0	53	58330.2	0.00051648
VT	Natural Gas	0	0	0	0	0	0	0	0	0	0.113911	0.775546	0.110543	0	0	0	0	0	0	0	0	0	0	0	0	51	54895.3	0.000396786
VT	Other Fuel	0	0	0	0	0	0	0	0	0	0	0	0	1	0	0	0	0	0	0	0	0	0	0	0	13	0	1.00932e-06
VT	Propane	0	0	0	0	0	0	0	0	0	0	0	0	0	0.163292	0.615715	0.220993	0	0	0	0	0	0	0	0	52	51077.9	0.000535968
VT	Solar Thermal	0	0	0	0	0	0	0	0	0	0	0	0	0	0	0	0	0.227327	0.0246546	0.573234	0.00403585	0.00710105	0.0289493	0.134698	0	75	922.14	1.00537e-05
VT	Wood	0	0	0	0	0	0	0	0	0	0	0	0	0	0	0	0	0	0	0	0	0	0	0	1	11	992.428	1.30739e-05
WA	Electricity	0.03	0	0	0.248168	0.688662	0.0331702	0	0	0	0	0	0	0	0	0	0	0	0	0	0	0	0	0	0	257	1.8359e+06	0.0140863
WA	Fuel Oil	0	0	0	0	0	0	0.191887	0.3599	0.448213	0	0	0	0	0	0	0	0	0	0	0	0	0	0	0	44	0	0.000116963
WA	Natural Gas	0	0	0	0	0	0	0	0	0	0.202945	0.679374	0.117681	0	0	0	0	0	0	0	0	0	0	0	0	168	1.01322e+06	0.00700038
WA	Other Fuel	0	0	0	0	0	0	0	0	0	0	0	0	1	0	0	0	0	0	0	0	0	0	0	0	13	0	6.51517e-06
WA	Propane	0	0	0	0	0	0	0	0	0	0	0	0	0	0.23709	0.546984	0.215926	0	0	0	0	0	0	0	0	13	82102.8	0.000833832
WA	Solar Thermal	0	0	0	0	0	0	0	0	0	0	0	0	0	0	0	0	0.225093	0.0244123	0.567602	0	0.0142406	0.0352778	0.133375	0	56	0	1.08036e-06
WA	Wood	0	0	0	0	0	0	0	0	0	0	0	0	0	0	0	0	0	0	0	0	0	0	0	1	20	7802.68	8.62285e-05
WI	Electricity	0.005	0	0	0.227778	0.742547	0.0246758	0	0	0	0	0	0	0	0	0	0	0	0	0	0	0	0	0	0	132	942559	0.00868291
WI	Fuel Oil	0	0	0	0	0	0	0.285263	0.169796	0.54494	0	0	0	0	0	0	0	0	0	0	0	0	0	0	0	604	3080.8	4.98156e-05
WI	Natural Gas	0	0	0	0	0	0	0	0	0	0.183832	0.786133	0.0300348	0	0	0	0	0	0	0	0	0	0	0	0	212	1.36543e+06	0.0101592
WI	Other Fuel	0	0	0	0	0	0	0	0	0	0	0	0	1	0	0	0	0	0	0	0	0	0	0	0	13	0	4.52161e-07
WI	Propane	0	0	0	0	0	0	0	0	0	0	0	0	0	0.279806	0.61117	0.109024	0	0	0	0	0	0	0	0	10	64461.1	0.00073677
WI	Solar Thermal	0	0	0	0	0	0	0	0	0	0	0	0	0	0	0	0	0.227327	0.0246546	0.573234	0.00403585	0.00710105	0.0289493	0.134698	0	75	5832.73	4.32468e-05
WI	Wood	0	0	0	0	0	0	0	0	0	0	0	0	0	0	0	0	0	0	0	0	0	0	0	1	20	7510.57	9.25772e-05
WV	Electricity	0.005	0	0	0.13207	0.855882	0.00704736	0	0	0	0	0	0	0	0	0	0	0	0	0	0	0	0	0	0	141	495715	0.00456775
WV	Fuel Oil	0	0	0	0	0	0	0.0697573	0.0834363	0.846806	0	0	0	0	0	0	0	0	0	0	0	0	0	0	0	16	0	2.45582e-05
WV	Natural Gas	0	0	0	0	0	0	0	0	0	0.244149	0.737346	0.0185059	0	0	0	0	0	0	0	0	0	0	0	0	55	196777	0.00182665
WV	Other Fuel	0	0	0	0	0	0	0	0	0	0	0	0	1	0	0	0	0	0	0	0	0	0	0	0	13	0	0
WV	Propane	0	0	0	0	0	0	0	0	0	0	0	0	0	0.0953087	0.473714	0.430977	0	0	0	0	0	0	0	0	87	3669.15	0.000168295
WV	Solar Thermal	0	0	0	0	0	0	0	0	0	0	0	0	0	0	0	0	0.227327	0.0246546	0.573234	0.00403585	0.00710105	0.0289493	0.134698	0	75	0	8.79781e-08
WV	Wood	0	0	0	0	0	0	0	0	0	0	0	0	0	0	0	0	0	0	0	0	0	0	0	1	20	0	1.2386e-05
WY	Electricity	0.005	0	0	0.128554	0.801002	0.0654434	0	0	0	0	0	0	0	0	0	0	0	0	0	0	0	0	0	0	59	75258.8	0.000768463
WY	Fuel Oil	0	0	0	0	0	0	0.254068	0.235338	0.510595	0	0	0	0	0	0	0	0	0	0	0	0	0	0	0	47	0	1.49655e-06
WY	Natural Gas	0	0	0	0	0	0	0	0	0	0.113571	0.787436	0.0989931	0	0	0	0	0	0	0	0	0	0	0	0	122	140680	0.00110994
WY	Other Fuel	0	0	0	0	0	0	0	0	0	0	0	0	1	0	0	0	0	0	0	0	0	0	0	0	13	0	1.64381e-07
WY	Propane	0	0	0	0	0	0	0	0	0	0	0	0	0	0.16692	0.6694	0.16368	0	0	0	0	0	0	0	0	40	10207.5	0.000118657
WY	Solar Thermal	0	0	0	0	0	0	0	0	0	0	0	0	0	0	0	0	0.22673	0.0245899	0.571729	0	0.012253	0.0303538	0.134345	0	61	0	3.52918e-07
WY	Wood	0	0	0	0	0	0	0	0	0	0	0	0	0	0	0	0	0	0	0	0	0	0	0	1	20	0	2.00988e-09
# Created by: sources\recs\recs2020\tsv_maker.py
# Description: The efficiency, type, and heating fuel of water heater.
# Source: Constructed using U.S. EIA 2020 Residential Energy Consumption Survey (RECS) microdata.
# Source: (Heat pump water heaters) 2016-17 RBSA II for WA and OR and Butzbaugh et al. 2017 US HPWH Market Transformation - Where We've Been and Where to Go Next for remainder of regions
# Source: Penetration of HPWH for Maine (6.71%) calculated based on total number of HPWH units (AWHI Stakeholder Meeting 12/08/2022) and total housing units https://www.census.gov/quickfacts/ME
# Assumption: Water heater blanket is used as a proxy for premium storage tank water heaters.
# Assumption: Heat Pump Water Heaters are added in manually as they are not in the survey.
# Assumption: Default efficiency of HPWH: Electric Heat Pump, 50 gal, 3.45 UEF.
# Assumption: Default solar thermal collector assumed: 40 sqft, Roof Pitch,
# Assumption: Solar thermal backup is informed by secondary water heater fuel type. Solar collector orientation is based on rooftop solar orientation for electric backup and assumed south-facing for fuel backup. If a solar thermal system has no secondary water heater or has a second solar thermal system, they are assumed to have electric backup.
# Assumption: Other Fuel water heater energy is modeled as coal
# Assumption: Due to low sample sizes, fallback rules applied with lumping of:
# Assumption: [1] State: Census Division RECS
# Assumption: [2] State: Census Region[3] State: National